case_id,shape,spacing
BraTS-GLI-00005-100,"(182, 218, 182)","(1.0, 1.0, 1.0)"
BraTS-GLI-00005-101,"(182, 218, 182)","(1.0, 1.0, 1.0)"
BraTS-GLI-00008-100,"(182, 218, 182)","(1.0, 1.0, 1.0)"
BraTS-GLI-00008-101,"(182, 218, 182)","(1.0, 1.0, 1.0)"
BraTS-GLI-00008-102,"(182, 218, 182)","(1.0, 1.0, 1.0)"
BraTS-GLI-00008-103,"(182, 218, 182)","(1.0, 1.0, 1.0)"
BraTS-GLI-00033-100,"(182, 218, 182)","(1.0, 1.0, 1.0)"
BraTS-GLI-00033-101,"(182, 218, 182)","(1.0, 1.0, 1.0)"
BraTS-GLI-00063-100,"(182, 218, 182)","(1.0, 1.0, 1.0)"
BraTS-GLI-00063-101,"(182, 218, 182)","(1.0, 1.0, 1.0)"
BraTS-GLI-00463-100,"(182, 218, 182)","(1.0, 1.0, 1.0)"
BraTS-GLI-00463-101,"(182, 218, 182)","(1.0, 1.0, 1.0)"
BraTS-GLI-00498-100,"(182, 218, 182)","(1.0, 1.0, 1.0)"
BraTS-GLI-00498-101,"(182, 218, 182)","(1.0, 1.0, 1.0)"
BraTS-GLI-00507-100,"(182, 218, 182)","(1.0, 1.0, 1.0)"
BraTS-GLI-00507-101,"(182, 218, 182)","(1.0, 1.0, 1.0)"
BraTS-GLI-00517-100,"(182, 218, 182)","(1.0, 1.0, 1.0)"
BraTS-GLI-00517-101,"(182, 218, 182)","(1.0, 1.0, 1.0)"
BraTS-GLI-00528-100,"(182, 218, 182)","(1.0, 1.0, 1.0)"
BraTS-GLI-00528-101,"(182, 218, 182)","(1.0, 1.0, 1.0)"
BraTS-GLI-00529-100,"(182, 218, 182)","(1.0, 1.0, 1.0)"
BraTS-GLI-00529-101,"(182, 218, 182)","(1.0, 1.0, 1.0)"
BraTS-GLI-00533-100,"(182, 218, 182)","(1.0, 1.0, 1.0)"
BraTS-GLI-00533-101,"(182, 218, 182)","(1.0, 1.0, 1.0)"
BraTS-GLI-00548-100,"(182, 218, 182)","(1.0, 1.0, 1.0)"
BraTS-GLI-00548-101,"(182, 218, 182)","(1.0, 1.0, 1.0)"
BraTS-GLI-00553-100,"(182, 218, 182)","(1.0, 1.0, 1.0)"
BraTS-GLI-00553-101,"(182, 218, 182)","(1.0, 1.0, 1.0)"
BraTS-GLI-00556-100,"(182, 218, 182)","(1.0, 1.0, 1.0)"
BraTS-GLI-00556-101,"(182, 218, 182)","(1.0, 1.0, 1.0)"
BraTS-GLI-02060-100,"(182, 218, 182)","(1.0, 1.0, 1.0)"
BraTS-GLI-02060-101,"(182, 218, 182)","(1.0, 1.0, 1.0)"
BraTS-GLI-02062-100,"(182, 218, 182)","(1.0, 1.0, 1.0)"
BraTS-GLI-02062-101,"(182, 218, 182)","(1.0, 1.0, 1.0)"
BraTS-GLI-02062-102,"(182, 218, 182)","(1.0, 1.0, 1.0)"
BraTS-GLI-02062-103,"(182, 218, 182)","(1.0, 1.0, 1.0)"
BraTS-GLI-02062-104,"(182, 218, 182)","(1.0, 1.0, 1.0)"
BraTS-GLI-02062-105,"(182, 218, 182)","(1.0, 1.0, 1.0)"
BraTS-GLI-02066-100,"(182, 218, 182)","(1.0, 1.0, 1.0)"
BraTS-GLI-02066-101,"(182, 218, 182)","(1.0, 1.0, 1.0)"
BraTS-GLI-02066-102,"(182, 218, 182)","(1.0, 1.0, 1.0)"
BraTS-GLI-02066-103,"(182, 218, 182)","(1.0, 1.0, 1.0)"
BraTS-GLI-02066-104,"(182, 218, 182)","(1.0, 1.0, 1.0)"
BraTS-GLI-02066-105,"(182, 218, 182)","(1.0, 1.0, 1.0)"
BraTS-GLI-02068-100,"(182, 218, 182)","(1.0, 1.0, 1.0)"
BraTS-GLI-02068-101,"(182, 218, 182)","(1.0, 1.0, 1.0)"
BraTS-GLI-02069-100,"(182, 218, 182)","(1.0, 1.0, 1.0)"
BraTS-GLI-02069-101,"(182, 218, 182)","(1.0, 1.0, 1.0)"
BraTS-GLI-02069-102,"(182, 218, 182)","(1.0, 1.0, 1.0)"
BraTS-GLI-02069-103,"(182, 218, 182)","(1.0, 1.0, 1.0)"
BraTS-GLI-02070-100,"(182, 218, 182)","(1.0, 1.0, 1.0)"
BraTS-GLI-02070-101,"(182, 218, 182)","(1.0, 1.0, 1.0)"
BraTS-GLI-02070-102,"(182, 218, 182)","(1.0, 1.0, 1.0)"
BraTS-GLI-02071-100,"(182, 218, 182)","(1.0, 1.0, 1.0)"
BraTS-GLI-02071-101,"(182, 218, 182)","(1.0, 1.0, 1.0)"
BraTS-GLI-02072-100,"(182, 218, 182)","(1.0, 1.0, 1.0)"
BraTS-GLI-02072-101,"(182, 218, 182)","(1.0, 1.0, 1.0)"
BraTS-GLI-02072-102,"(182, 218, 182)","(1.0, 1.0, 1.0)"
BraTS-GLI-02072-103,"(182, 218, 182)","(1.0, 1.0, 1.0)"
BraTS-GLI-02072-104,"(182, 218, 182)","(1.0, 1.0, 1.0)"
BraTS-GLI-02072-105,"(182, 218, 182)","(1.0, 1.0, 1.0)"
BraTS-GLI-02076-100,"(182, 218, 182)","(1.0, 1.0, 1.0)"
BraTS-GLI-02076-101,"(182, 218, 182)","(1.0, 1.0, 1.0)"
BraTS-GLI-02077-100,"(182, 218, 182)","(1.0, 1.0, 1.0)"
BraTS-GLI-02077-101,"(182, 218, 182)","(1.0, 1.0, 1.0)"
BraTS-GLI-02079-100,"(182, 218, 182)","(1.0, 1.0, 1.0)"
BraTS-GLI-02079-101,"(182, 218, 182)","(1.0, 1.0, 1.0)"
BraTS-GLI-02081-100,"(182, 218, 182)","(1.0, 1.0, 1.0)"
BraTS-GLI-02081-101,"(182, 218, 182)","(1.0, 1.0, 1.0)"
BraTS-GLI-02081-102,"(182, 218, 182)","(1.0, 1.0, 1.0)"
BraTS-GLI-02082-100,"(182, 218, 182)","(1.0, 1.0, 1.0)"
BraTS-GLI-02082-101,"(182, 218, 182)","(1.0, 1.0, 1.0)"
BraTS-GLI-02082-102,"(182, 218, 182)","(1.0, 1.0, 1.0)"
BraTS-GLI-02082-103,"(182, 218, 182)","(1.0, 1.0, 1.0)"
BraTS-GLI-02082-104,"(182, 218, 182)","(1.0, 1.0, 1.0)"
BraTS-GLI-02082-105,"(182, 218, 182)","(1.0, 1.0, 1.0)"
BraTS-GLI-02082-106,"(182, 218, 182)","(1.0, 1.0, 1.0)"
BraTS-GLI-02085-100,"(182, 218, 182)","(1.0, 1.0, 1.0)"
BraTS-GLI-02085-101,"(182, 218, 182)","(1.0, 1.0, 1.0)"
BraTS-GLI-02085-102,"(182, 218, 182)","(1.0, 1.0, 1.0)"
BraTS-GLI-02085-103,"(182, 218, 182)","(1.0, 1.0, 1.0)"
BraTS-GLI-02085-104,"(182, 218, 182)","(1.0, 1.0, 1.0)"
BraTS-GLI-02085-105,"(182, 218, 182)","(1.0, 1.0, 1.0)"
BraTS-GLI-02086-100,"(182, 218, 182)","(1.0, 1.0, 1.0)"
BraTS-GLI-02086-101,"(182, 218, 182)","(1.0, 1.0, 1.0)"
BraTS-GLI-02087-100,"(182, 218, 182)","(1.0, 1.0, 1.0)"
BraTS-GLI-02087-101,"(182, 218, 182)","(1.0, 1.0, 1.0)"
BraTS-GLI-02087-102,"(182, 218, 182)","(1.0, 1.0, 1.0)"
BraTS-GLI-02088-100,"(182, 218, 182)","(1.0, 1.0, 1.0)"
BraTS-GLI-02088-101,"(182, 218, 182)","(1.0, 1.0, 1.0)"
BraTS-GLI-02088-102,"(182, 218, 182)","(1.0, 1.0, 1.0)"
BraTS-GLI-02092-100,"(182, 218, 182)","(1.0, 1.0, 1.0)"
BraTS-GLI-02092-101,"(182, 218, 182)","(1.0, 1.0, 1.0)"
BraTS-GLI-02092-102,"(182, 218, 182)","(1.0, 1.0, 1.0)"
BraTS-GLI-02092-103,"(182, 218, 182)","(1.0, 1.0, 1.0)"
BraTS-GLI-02092-104,"(182, 218, 182)","(1.0, 1.0, 1.0)"
BraTS-GLI-02092-105,"(182, 218, 182)","(1.0, 1.0, 1.0)"
BraTS-GLI-02096-100,"(182, 218, 182)","(1.0, 1.0, 1.0)"
BraTS-GLI-02096-101,"(182, 218, 182)","(1.0, 1.0, 1.0)"
BraTS-GLI-02096-102,"(182, 218, 182)","(1.0, 1.0, 1.0)"
BraTS-GLI-02096-103,"(182, 218, 182)","(1.0, 1.0, 1.0)"
BraTS-GLI-02100-100,"(182, 218, 182)","(1.0, 1.0, 1.0)"
BraTS-GLI-02100-101,"(182, 218, 182)","(1.0, 1.0, 1.0)"
BraTS-GLI-02103-100,"(182, 218, 182)","(1.0, 1.0, 1.0)"
BraTS-GLI-02103-101,"(182, 218, 182)","(1.0, 1.0, 1.0)"
BraTS-GLI-02103-102,"(182, 218, 182)","(1.0, 1.0, 1.0)"
BraTS-GLI-02103-103,"(182, 218, 182)","(1.0, 1.0, 1.0)"
BraTS-GLI-02103-104,"(182, 218, 182)","(1.0, 1.0, 1.0)"
BraTS-GLI-02103-105,"(182, 218, 182)","(1.0, 1.0, 1.0)"
BraTS-GLI-02103-106,"(182, 218, 182)","(1.0, 1.0, 1.0)"
BraTS-GLI-02104-100,"(182, 218, 182)","(1.0, 1.0, 1.0)"
BraTS-GLI-02104-101,"(182, 218, 182)","(1.0, 1.0, 1.0)"
BraTS-GLI-02106-100,"(182, 218, 182)","(1.0, 1.0, 1.0)"
BraTS-GLI-02106-101,"(182, 218, 182)","(1.0, 1.0, 1.0)"
BraTS-GLI-02106-102,"(182, 218, 182)","(1.0, 1.0, 1.0)"
BraTS-GLI-02111-100,"(182, 218, 182)","(1.0, 1.0, 1.0)"
BraTS-GLI-02111-101,"(182, 218, 182)","(1.0, 1.0, 1.0)"
BraTS-GLI-02111-102,"(182, 218, 182)","(1.0, 1.0, 1.0)"
BraTS-GLI-02111-103,"(182, 218, 182)","(1.0, 1.0, 1.0)"
BraTS-GLI-02111-104,"(182, 218, 182)","(1.0, 1.0, 1.0)"
BraTS-GLI-02111-105,"(182, 218, 182)","(1.0, 1.0, 1.0)"
BraTS-GLI-02111-106,"(182, 218, 182)","(1.0, 1.0, 1.0)"
BraTS-GLI-02111-107,"(182, 218, 182)","(1.0, 1.0, 1.0)"
BraTS-GLI-02114-100,"(182, 218, 182)","(1.0, 1.0, 1.0)"
BraTS-GLI-02114-101,"(182, 218, 182)","(1.0, 1.0, 1.0)"
BraTS-GLI-02115-100,"(182, 218, 182)","(1.0, 1.0, 1.0)"
BraTS-GLI-02115-101,"(182, 218, 182)","(1.0, 1.0, 1.0)"
BraTS-GLI-02119-100,"(182, 218, 182)","(1.0, 1.0, 1.0)"
BraTS-GLI-02119-101,"(182, 218, 182)","(1.0, 1.0, 1.0)"
BraTS-GLI-02119-102,"(182, 218, 182)","(1.0, 1.0, 1.0)"
BraTS-GLI-02120-100,"(182, 218, 182)","(1.0, 1.0, 1.0)"
BraTS-GLI-02120-101,"(182, 218, 182)","(1.0, 1.0, 1.0)"
BraTS-GLI-02124-100,"(182, 218, 182)","(1.0, 1.0, 1.0)"
BraTS-GLI-02124-101,"(182, 218, 182)","(1.0, 1.0, 1.0)"
BraTS-GLI-02132-100,"(182, 218, 182)","(1.0, 1.0, 1.0)"
BraTS-GLI-02132-101,"(182, 218, 182)","(1.0, 1.0, 1.0)"
BraTS-GLI-02132-102,"(182, 218, 182)","(1.0, 1.0, 1.0)"
BraTS-GLI-02132-103,"(182, 218, 182)","(1.0, 1.0, 1.0)"
BraTS-GLI-02132-104,"(182, 218, 182)","(1.0, 1.0, 1.0)"
BraTS-GLI-02135-100,"(182, 218, 182)","(1.0, 1.0, 1.0)"
BraTS-GLI-02135-101,"(182, 218, 182)","(1.0, 1.0, 1.0)"
BraTS-GLI-02141-100,"(182, 218, 182)","(1.0, 1.0, 1.0)"
BraTS-GLI-02141-101,"(182, 218, 182)","(1.0, 1.0, 1.0)"
BraTS-GLI-02143-100,"(182, 218, 182)","(1.0, 1.0, 1.0)"
BraTS-GLI-02143-101,"(182, 218, 182)","(1.0, 1.0, 1.0)"
BraTS-GLI-02143-102,"(182, 218, 182)","(1.0, 1.0, 1.0)"
BraTS-GLI-02143-103,"(182, 218, 182)","(1.0, 1.0, 1.0)"
BraTS-GLI-02143-104,"(182, 218, 182)","(1.0, 1.0, 1.0)"
BraTS-GLI-02144-100,"(182, 218, 182)","(1.0, 1.0, 1.0)"
BraTS-GLI-02144-101,"(182, 218, 182)","(1.0, 1.0, 1.0)"
BraTS-GLI-02145-100,"(182, 218, 182)","(1.0, 1.0, 1.0)"
BraTS-GLI-02145-101,"(182, 218, 182)","(1.0, 1.0, 1.0)"
BraTS-GLI-02146-100,"(182, 218, 182)","(1.0, 1.0, 1.0)"
BraTS-GLI-02146-101,"(182, 218, 182)","(1.0, 1.0, 1.0)"
BraTS-GLI-02146-102,"(182, 218, 182)","(1.0, 1.0, 1.0)"
BraTS-GLI-02146-103,"(182, 218, 182)","(1.0, 1.0, 1.0)"
BraTS-GLI-02147-100,"(182, 218, 182)","(1.0, 1.0, 1.0)"
BraTS-GLI-02147-101,"(182, 218, 182)","(1.0, 1.0, 1.0)"
BraTS-GLI-02155-100,"(182, 218, 182)","(1.0, 1.0, 1.0)"
BraTS-GLI-02155-101,"(182, 218, 182)","(1.0, 1.0, 1.0)"
BraTS-GLI-02156-100,"(182, 218, 182)","(1.0, 1.0, 1.0)"
BraTS-GLI-02156-101,"(182, 218, 182)","(1.0, 1.0, 1.0)"
BraTS-GLI-02158-100,"(182, 218, 182)","(1.0, 1.0, 1.0)"
BraTS-GLI-02158-101,"(182, 218, 182)","(1.0, 1.0, 1.0)"
BraTS-GLI-02166-100,"(182, 218, 182)","(1.0, 1.0, 1.0)"
BraTS-GLI-02166-101,"(182, 218, 182)","(1.0, 1.0, 1.0)"
BraTS-GLI-02167-100,"(182, 218, 182)","(1.0, 1.0, 1.0)"
BraTS-GLI-02167-101,"(182, 218, 182)","(1.0, 1.0, 1.0)"
BraTS-GLI-02170-100,"(182, 218, 182)","(1.0, 1.0, 1.0)"
BraTS-GLI-02170-101,"(182, 218, 182)","(1.0, 1.0, 1.0)"
BraTS-GLI-02170-102,"(182, 218, 182)","(1.0, 1.0, 1.0)"
BraTS-GLI-02171-100,"(182, 218, 182)","(1.0, 1.0, 1.0)"
BraTS-GLI-02171-101,"(182, 218, 182)","(1.0, 1.0, 1.0)"
BraTS-GLI-02172-100,"(182, 218, 182)","(1.0, 1.0, 1.0)"
BraTS-GLI-02172-101,"(182, 218, 182)","(1.0, 1.0, 1.0)"
BraTS-GLI-02174-100,"(182, 218, 182)","(1.0, 1.0, 1.0)"
BraTS-GLI-02174-101,"(182, 218, 182)","(1.0, 1.0, 1.0)"
BraTS-GLI-02178-100,"(182, 218, 182)","(1.0, 1.0, 1.0)"
BraTS-GLI-02178-101,"(182, 218, 182)","(1.0, 1.0, 1.0)"
BraTS-GLI-02178-102,"(182, 218, 182)","(1.0, 1.0, 1.0)"
BraTS-GLI-02181-100,"(182, 218, 182)","(1.0, 1.0, 1.0)"
BraTS-GLI-02181-101,"(182, 218, 182)","(1.0, 1.0, 1.0)"
BraTS-GLI-02181-102,"(182, 218, 182)","(1.0, 1.0, 1.0)"
BraTS-GLI-02184-100,"(182, 218, 182)","(1.0, 1.0, 1.0)"
BraTS-GLI-02184-101,"(182, 218, 182)","(1.0, 1.0, 1.0)"
BraTS-GLI-02186-100,"(182, 218, 182)","(1.0, 1.0, 1.0)"
BraTS-GLI-02186-101,"(182, 218, 182)","(1.0, 1.0, 1.0)"
BraTS-GLI-02186-102,"(182, 218, 182)","(1.0, 1.0, 1.0)"
BraTS-GLI-02186-103,"(182, 218, 182)","(1.0, 1.0, 1.0)"
BraTS-GLI-02188-100,"(182, 218, 182)","(1.0, 1.0, 1.0)"
BraTS-GLI-02188-101,"(182, 218, 182)","(1.0, 1.0, 1.0)"
BraTS-GLI-02191-100,"(182, 218, 182)","(1.0, 1.0, 1.0)"
BraTS-GLI-02191-101,"(182, 218, 182)","(1.0, 1.0, 1.0)"
BraTS-GLI-02192-100,"(182, 218, 182)","(1.0, 1.0, 1.0)"
BraTS-GLI-02192-101,"(182, 218, 182)","(1.0, 1.0, 1.0)"
BraTS-GLI-02192-102,"(182, 218, 182)","(1.0, 1.0, 1.0)"
BraTS-GLI-02192-103,"(182, 218, 182)","(1.0, 1.0, 1.0)"
BraTS-GLI-02193-100,"(182, 218, 182)","(1.0, 1.0, 1.0)"
BraTS-GLI-02193-101,"(182, 218, 182)","(1.0, 1.0, 1.0)"
BraTS-GLI-02193-102,"(182, 218, 182)","(1.0, 1.0, 1.0)"
BraTS-GLI-02193-103,"(182, 218, 182)","(1.0, 1.0, 1.0)"
BraTS-GLI-02193-104,"(182, 218, 182)","(1.0, 1.0, 1.0)"
BraTS-GLI-02193-105,"(182, 218, 182)","(1.0, 1.0, 1.0)"
BraTS-GLI-02196-100,"(182, 218, 182)","(1.0, 1.0, 1.0)"
BraTS-GLI-02196-101,"(182, 218, 182)","(1.0, 1.0, 1.0)"
BraTS-GLI-02196-102,"(182, 218, 182)","(1.0, 1.0, 1.0)"
BraTS-GLI-02196-103,"(182, 218, 182)","(1.0, 1.0, 1.0)"
BraTS-GLI-02196-104,"(182, 218, 182)","(1.0, 1.0, 1.0)"
BraTS-GLI-02196-105,"(182, 218, 182)","(1.0, 1.0, 1.0)"
BraTS-GLI-02196-106,"(182, 218, 182)","(1.0, 1.0, 1.0)"
BraTS-GLI-02197-100,"(182, 218, 182)","(1.0, 1.0, 1.0)"
BraTS-GLI-02197-101,"(182, 218, 182)","(1.0, 1.0, 1.0)"
BraTS-GLI-02199-100,"(182, 218, 182)","(1.0, 1.0, 1.0)"
BraTS-GLI-02199-101,"(182, 218, 182)","(1.0, 1.0, 1.0)"
BraTS-GLI-02199-102,"(182, 218, 182)","(1.0, 1.0, 1.0)"
BraTS-GLI-02199-103,"(182, 218, 182)","(1.0, 1.0, 1.0)"
BraTS-GLI-02199-104,"(182, 218, 182)","(1.0, 1.0, 1.0)"
BraTS-GLI-02204-100,"(182, 218, 182)","(1.0, 1.0, 1.0)"
BraTS-GLI-02204-101,"(182, 218, 182)","(1.0, 1.0, 1.0)"
BraTS-GLI-02204-102,"(182, 218, 182)","(1.0, 1.0, 1.0)"
BraTS-GLI-02204-103,"(182, 218, 182)","(1.0, 1.0, 1.0)"
BraTS-GLI-02204-104,"(182, 218, 182)","(1.0, 1.0, 1.0)"
BraTS-GLI-02205-100,"(182, 218, 182)","(1.0, 1.0, 1.0)"
BraTS-GLI-02205-101,"(182, 218, 182)","(1.0, 1.0, 1.0)"
BraTS-GLI-02205-102,"(182, 218, 182)","(1.0, 1.0, 1.0)"
BraTS-GLI-02205-103,"(182, 218, 182)","(1.0, 1.0, 1.0)"
BraTS-GLI-02205-104,"(182, 218, 182)","(1.0, 1.0, 1.0)"
BraTS-GLI-02205-105,"(182, 218, 182)","(1.0, 1.0, 1.0)"
BraTS-GLI-02207-100,"(182, 218, 182)","(1.0, 1.0, 1.0)"
BraTS-GLI-02207-101,"(182, 218, 182)","(1.0, 1.0, 1.0)"
BraTS-GLI-02209-100,"(182, 218, 182)","(1.0, 1.0, 1.0)"
BraTS-GLI-02209-101,"(182, 218, 182)","(1.0, 1.0, 1.0)"
BraTS-GLI-02209-102,"(182, 218, 182)","(1.0, 1.0, 1.0)"
BraTS-GLI-02209-103,"(182, 218, 182)","(1.0, 1.0, 1.0)"
BraTS-GLI-02209-104,"(182, 218, 182)","(1.0, 1.0, 1.0)"
BraTS-GLI-02211-100,"(182, 218, 182)","(1.0, 1.0, 1.0)"
BraTS-GLI-02216-100,"(182, 218, 182)","(1.0, 1.0, 1.0)"
BraTS-GLI-02216-101,"(182, 218, 182)","(1.0, 1.0, 1.0)"
BraTS-GLI-02216-102,"(182, 218, 182)","(1.0, 1.0, 1.0)"
BraTS-GLI-02216-103,"(182, 218, 182)","(1.0, 1.0, 1.0)"
BraTS-GLI-02216-104,"(182, 218, 182)","(1.0, 1.0, 1.0)"
BraTS-GLI-02219-100,"(182, 218, 182)","(1.0, 1.0, 1.0)"
BraTS-GLI-02219-101,"(182, 218, 182)","(1.0, 1.0, 1.0)"
BraTS-GLI-02219-102,"(182, 218, 182)","(1.0, 1.0, 1.0)"
BraTS-GLI-02219-103,"(182, 218, 182)","(1.0, 1.0, 1.0)"
BraTS-GLI-02220-100,"(182, 218, 182)","(1.0, 1.0, 1.0)"
BraTS-GLI-02220-101,"(182, 218, 182)","(1.0, 1.0, 1.0)"
BraTS-GLI-02220-102,"(182, 218, 182)","(1.0, 1.0, 1.0)"
BraTS-GLI-02221-100,"(182, 218, 182)","(1.0, 1.0, 1.0)"
BraTS-GLI-02221-101,"(182, 218, 182)","(1.0, 1.0, 1.0)"
BraTS-GLI-02221-102,"(182, 218, 182)","(1.0, 1.0, 1.0)"
BraTS-GLI-02221-103,"(182, 218, 182)","(1.0, 1.0, 1.0)"
BraTS-GLI-02222-100,"(182, 218, 182)","(1.0, 1.0, 1.0)"
BraTS-GLI-02223-100,"(182, 218, 182)","(1.0, 1.0, 1.0)"
BraTS-GLI-02224-100,"(182, 218, 182)","(1.0, 1.0, 1.0)"
BraTS-GLI-02225-100,"(182, 218, 182)","(1.0, 1.0, 1.0)"
BraTS-GLI-02225-101,"(182, 218, 182)","(1.0, 1.0, 1.0)"
BraTS-GLI-02228-100,"(182, 218, 182)","(1.0, 1.0, 1.0)"
BraTS-GLI-02229-100,"(182, 218, 182)","(1.0, 1.0, 1.0)"
BraTS-GLI-02237-100,"(182, 218, 182)","(1.0, 1.0, 1.0)"
BraTS-GLI-02237-101,"(182, 218, 182)","(1.0, 1.0, 1.0)"
BraTS-GLI-02237-102,"(182, 218, 182)","(1.0, 1.0, 1.0)"
BraTS-GLI-02238-100,"(182, 218, 182)","(1.0, 1.0, 1.0)"
BraTS-GLI-02238-101,"(182, 218, 182)","(1.0, 1.0, 1.0)"
BraTS-GLI-02238-102,"(182, 218, 182)","(1.0, 1.0, 1.0)"
BraTS-GLI-02238-103,"(182, 218, 182)","(1.0, 1.0, 1.0)"
BraTS-GLI-02240-100,"(182, 218, 182)","(1.0, 1.0, 1.0)"
BraTS-GLI-02240-101,"(182, 218, 182)","(1.0, 1.0, 1.0)"
BraTS-GLI-02242-100,"(182, 218, 182)","(1.0, 1.0, 1.0)"
BraTS-GLI-02242-101,"(182, 218, 182)","(1.0, 1.0, 1.0)"
BraTS-GLI-02242-102,"(182, 218, 182)","(1.0, 1.0, 1.0)"
BraTS-GLI-02242-103,"(182, 218, 182)","(1.0, 1.0, 1.0)"
BraTS-GLI-02242-104,"(182, 218, 182)","(1.0, 1.0, 1.0)"
BraTS-GLI-02245-100,"(182, 218, 182)","(1.0, 1.0, 1.0)"
BraTS-GLI-02245-101,"(182, 218, 182)","(1.0, 1.0, 1.0)"
BraTS-GLI-02245-102,"(182, 218, 182)","(1.0, 1.0, 1.0)"
BraTS-GLI-02245-103,"(182, 218, 182)","(1.0, 1.0, 1.0)"
BraTS-GLI-02245-104,"(182, 218, 182)","(1.0, 1.0, 1.0)"
BraTS-GLI-02246-100,"(182, 218, 182)","(1.0, 1.0, 1.0)"
BraTS-GLI-02246-101,"(182, 218, 182)","(1.0, 1.0, 1.0)"
BraTS-GLI-02247-100,"(182, 218, 182)","(1.0, 1.0, 1.0)"
BraTS-GLI-02247-101,"(182, 218, 182)","(1.0, 1.0, 1.0)"
BraTS-GLI-02247-102,"(182, 218, 182)","(1.0, 1.0, 1.0)"
BraTS-GLI-02247-103,"(182, 218, 182)","(1.0, 1.0, 1.0)"
BraTS-GLI-02247-104,"(182, 218, 182)","(1.0, 1.0, 1.0)"
BraTS-GLI-02248-100,"(182, 218, 182)","(1.0, 1.0, 1.0)"
BraTS-GLI-02248-101,"(182, 218, 182)","(1.0, 1.0, 1.0)"
BraTS-GLI-02248-102,"(182, 218, 182)","(1.0, 1.0, 1.0)"
BraTS-GLI-02248-103,"(182, 218, 182)","(1.0, 1.0, 1.0)"
BraTS-GLI-02248-104,"(182, 218, 182)","(1.0, 1.0, 1.0)"
BraTS-GLI-02251-100,"(182, 218, 182)","(1.0, 1.0, 1.0)"
BraTS-GLI-02256-100,"(182, 218, 182)","(1.0, 1.0, 1.0)"
BraTS-GLI-02256-101,"(182, 218, 182)","(1.0, 1.0, 1.0)"
BraTS-GLI-02258-100,"(182, 218, 182)","(1.0, 1.0, 1.0)"
BraTS-GLI-02258-101,"(182, 218, 182)","(1.0, 1.0, 1.0)"
BraTS-GLI-02259-100,"(182, 218, 182)","(1.0, 1.0, 1.0)"
BraTS-GLI-02265-100,"(182, 218, 182)","(1.0, 1.0, 1.0)"
BraTS-GLI-02267-100,"(182, 218, 182)","(1.0, 1.0, 1.0)"
BraTS-GLI-02267-101,"(182, 218, 182)","(1.0, 1.0, 1.0)"
BraTS-GLI-02268-100,"(182, 218, 182)","(1.0, 1.0, 1.0)"
BraTS-GLI-02268-101,"(182, 218, 182)","(1.0, 1.0, 1.0)"
BraTS-GLI-02278-100,"(182, 218, 182)","(1.0, 1.0, 1.0)"
BraTS-GLI-02281-100,"(182, 218, 182)","(1.0, 1.0, 1.0)"
BraTS-GLI-02284-100,"(182, 218, 182)","(1.0, 1.0, 1.0)"
BraTS-GLI-02285-100,"(182, 218, 182)","(1.0, 1.0, 1.0)"
BraTS-GLI-02285-101,"(182, 218, 182)","(1.0, 1.0, 1.0)"
BraTS-GLI-02285-102,"(182, 218, 182)","(1.0, 1.0, 1.0)"
BraTS-GLI-02285-103,"(182, 218, 182)","(1.0, 1.0, 1.0)"
BraTS-GLI-02292-100,"(182, 218, 182)","(1.0, 1.0, 1.0)"
BraTS-GLI-02300-100,"(182, 218, 182)","(1.0, 1.0, 1.0)"
BraTS-GLI-02300-101,"(182, 218, 182)","(1.0, 1.0, 1.0)"
BraTS-GLI-02300-102,"(182, 218, 182)","(1.0, 1.0, 1.0)"
BraTS-GLI-02303-100,"(182, 218, 182)","(1.0, 1.0, 1.0)"
BraTS-GLI-02303-101,"(182, 218, 182)","(1.0, 1.0, 1.0)"
BraTS-GLI-02303-102,"(182, 218, 182)","(1.0, 1.0, 1.0)"
BraTS-GLI-02303-103,"(182, 218, 182)","(1.0, 1.0, 1.0)"
BraTS-GLI-02306-100,"(182, 218, 182)","(1.0, 1.0, 1.0)"
BraTS-GLI-02307-100,"(182, 218, 182)","(1.0, 1.0, 1.0)"
BraTS-GLI-02307-101,"(182, 218, 182)","(1.0, 1.0, 1.0)"
BraTS-GLI-02307-102,"(182, 218, 182)","(1.0, 1.0, 1.0)"
BraTS-GLI-02315-100,"(182, 218, 182)","(1.0, 1.0, 1.0)"
BraTS-GLI-02318-100,"(182, 218, 182)","(1.0, 1.0, 1.0)"
BraTS-GLI-02327-100,"(182, 218, 182)","(1.0, 1.0, 1.0)"
BraTS-GLI-02330-100,"(182, 218, 182)","(1.0, 1.0, 1.0)"
BraTS-GLI-02334-100,"(182, 218, 182)","(1.0, 1.0, 1.0)"
BraTS-GLI-02335-100,"(182, 218, 182)","(1.0, 1.0, 1.0)"
BraTS-GLI-02335-101,"(182, 218, 182)","(1.0, 1.0, 1.0)"
BraTS-GLI-02336-100,"(182, 218, 182)","(1.0, 1.0, 1.0)"
BraTS-GLI-02337-100,"(182, 218, 182)","(1.0, 1.0, 1.0)"
BraTS-GLI-02339-100,"(182, 218, 182)","(1.0, 1.0, 1.0)"
BraTS-GLI-02341-100,"(182, 218, 182)","(1.0, 1.0, 1.0)"
BraTS-GLI-02342-100,"(182, 218, 182)","(1.0, 1.0, 1.0)"
BraTS-GLI-02343-100,"(182, 218, 182)","(1.0, 1.0, 1.0)"
BraTS-GLI-02347-100,"(182, 218, 182)","(1.0, 1.0, 1.0)"
BraTS-GLI-02348-100,"(182, 218, 182)","(1.0, 1.0, 1.0)"
BraTS-GLI-02352-100,"(182, 218, 182)","(1.0, 1.0, 1.0)"
BraTS-GLI-02355-100,"(182, 218, 182)","(1.0, 1.0, 1.0)"
BraTS-GLI-02358-100,"(182, 218, 182)","(1.0, 1.0, 1.0)"
BraTS-GLI-02358-101,"(182, 218, 182)","(1.0, 1.0, 1.0)"
BraTS-GLI-02360-100,"(182, 218, 182)","(1.0, 1.0, 1.0)"
BraTS-GLI-02361-100,"(182, 218, 182)","(1.0, 1.0, 1.0)"
BraTS-GLI-02368-100,"(182, 218, 182)","(1.0, 1.0, 1.0)"
BraTS-GLI-02372-100,"(182, 218, 182)","(1.0, 1.0, 1.0)"
BraTS-GLI-02375-100,"(182, 218, 182)","(1.0, 1.0, 1.0)"
BraTS-GLI-02375-101,"(182, 218, 182)","(1.0, 1.0, 1.0)"
BraTS-GLI-02377-100,"(182, 218, 182)","(1.0, 1.0, 1.0)"
BraTS-GLI-02378-100,"(182, 218, 182)","(1.0, 1.0, 1.0)"
BraTS-GLI-02378-101,"(182, 218, 182)","(1.0, 1.0, 1.0)"
BraTS-GLI-02378-102,"(182, 218, 182)","(1.0, 1.0, 1.0)"
BraTS-GLI-02380-100,"(182, 218, 182)","(1.0, 1.0, 1.0)"
BraTS-GLI-02384-100,"(182, 218, 182)","(1.0, 1.0, 1.0)"
BraTS-GLI-02385-100,"(182, 218, 182)","(1.0, 1.0, 1.0)"
BraTS-GLI-02388-100,"(182, 218, 182)","(1.0, 1.0, 1.0)"
BraTS-GLI-02388-101,"(182, 218, 182)","(1.0, 1.0, 1.0)"
BraTS-GLI-02390-100,"(182, 218, 182)","(1.0, 1.0, 1.0)"
BraTS-GLI-02390-101,"(182, 218, 182)","(1.0, 1.0, 1.0)"
BraTS-GLI-02390-102,"(182, 218, 182)","(1.0, 1.0, 1.0)"
BraTS-GLI-02393-100,"(182, 218, 182)","(1.0, 1.0, 1.0)"
BraTS-GLI-02394-100,"(182, 218, 182)","(1.0, 1.0, 1.0)"
BraTS-GLI-02403-100,"(182, 218, 182)","(1.0, 1.0, 1.0)"
BraTS-GLI-02407-100,"(182, 218, 182)","(1.0, 1.0, 1.0)"
BraTS-GLI-02412-100,"(182, 218, 182)","(1.0, 1.0, 1.0)"
BraTS-GLI-02414-100,"(182, 218, 182)","(1.0, 1.0, 1.0)"
BraTS-GLI-02416-100,"(182, 218, 182)","(1.0, 1.0, 1.0)"
BraTS-GLI-02419-100,"(182, 218, 182)","(1.0, 1.0, 1.0)"
BraTS-GLI-02421-100,"(182, 218, 182)","(1.0, 1.0, 1.0)"
BraTS-GLI-02423-100,"(182, 218, 182)","(1.0, 1.0, 1.0)"
BraTS-GLI-02424-100,"(182, 218, 182)","(1.0, 1.0, 1.0)"
BraTS-GLI-02425-100,"(182, 218, 182)","(1.0, 1.0, 1.0)"
BraTS-GLI-02427-100,"(182, 218, 182)","(1.0, 1.0, 1.0)"
BraTS-GLI-02427-101,"(182, 218, 182)","(1.0, 1.0, 1.0)"
BraTS-GLI-02432-100,"(182, 218, 182)","(1.0, 1.0, 1.0)"
BraTS-GLI-02480-100,"(182, 218, 182)","(1.0, 1.0, 1.0)"
BraTS-GLI-02480-101,"(182, 218, 182)","(1.0, 1.0, 1.0)"
BraTS-GLI-02482-100,"(182, 218, 182)","(1.0, 1.0, 1.0)"
BraTS-GLI-02485-100,"(182, 218, 182)","(1.0, 1.0, 1.0)"
BraTS-GLI-02485-101,"(182, 218, 182)","(1.0, 1.0, 1.0)"
BraTS-GLI-02485-102,"(182, 218, 182)","(1.0, 1.0, 1.0)"
BraTS-GLI-02486-100,"(182, 218, 182)","(1.0, 1.0, 1.0)"
BraTS-GLI-02486-101,"(182, 218, 182)","(1.0, 1.0, 1.0)"
BraTS-GLI-02489-100,"(182, 218, 182)","(1.0, 1.0, 1.0)"
BraTS-GLI-02492-100,"(182, 218, 182)","(1.0, 1.0, 1.0)"
BraTS-GLI-02492-101,"(182, 218, 182)","(1.0, 1.0, 1.0)"
BraTS-GLI-02492-102,"(182, 218, 182)","(1.0, 1.0, 1.0)"
BraTS-GLI-02492-103,"(182, 218, 182)","(1.0, 1.0, 1.0)"
BraTS-GLI-02492-104,"(182, 218, 182)","(1.0, 1.0, 1.0)"
BraTS-GLI-02493-100,"(182, 218, 182)","(1.0, 1.0, 1.0)"
BraTS-GLI-02493-101,"(182, 218, 182)","(1.0, 1.0, 1.0)"
BraTS-GLI-02494-100,"(182, 218, 182)","(1.0, 1.0, 1.0)"
BraTS-GLI-02494-101,"(182, 218, 182)","(1.0, 1.0, 1.0)"
BraTS-GLI-02494-102,"(182, 218, 182)","(1.0, 1.0, 1.0)"
BraTS-GLI-02494-103,"(182, 218, 182)","(1.0, 1.0, 1.0)"
BraTS-GLI-02494-104,"(182, 218, 182)","(1.0, 1.0, 1.0)"
BraTS-GLI-02501-100,"(182, 218, 182)","(1.0, 1.0, 1.0)"
BraTS-GLI-02501-101,"(182, 218, 182)","(1.0, 1.0, 1.0)"
BraTS-GLI-02502-100,"(182, 218, 182)","(1.0, 1.0, 1.0)"
BraTS-GLI-02504-100,"(182, 218, 182)","(1.0, 1.0, 1.0)"
BraTS-GLI-02504-101,"(182, 218, 182)","(1.0, 1.0, 1.0)"
BraTS-GLI-02504-102,"(182, 218, 182)","(1.0, 1.0, 1.0)"
BraTS-GLI-02504-103,"(182, 218, 182)","(1.0, 1.0, 1.0)"
BraTS-GLI-02504-104,"(182, 218, 182)","(1.0, 1.0, 1.0)"
BraTS-GLI-02504-105,"(182, 218, 182)","(1.0, 1.0, 1.0)"
BraTS-GLI-02507-100,"(182, 218, 182)","(1.0, 1.0, 1.0)"
BraTS-GLI-02507-101,"(182, 218, 182)","(1.0, 1.0, 1.0)"
BraTS-GLI-02511-100,"(182, 218, 182)","(1.0, 1.0, 1.0)"
BraTS-GLI-02512-100,"(182, 218, 182)","(1.0, 1.0, 1.0)"
BraTS-GLI-02512-101,"(182, 218, 182)","(1.0, 1.0, 1.0)"
BraTS-GLI-02512-102,"(182, 218, 182)","(1.0, 1.0, 1.0)"
BraTS-GLI-02513-100,"(182, 218, 182)","(1.0, 1.0, 1.0)"
BraTS-GLI-02513-101,"(182, 218, 182)","(1.0, 1.0, 1.0)"
BraTS-GLI-02520-100,"(182, 218, 182)","(1.0, 1.0, 1.0)"
BraTS-GLI-02520-101,"(182, 218, 182)","(1.0, 1.0, 1.0)"
BraTS-GLI-02520-102,"(182, 218, 182)","(1.0, 1.0, 1.0)"
BraTS-GLI-02520-103,"(182, 218, 182)","(1.0, 1.0, 1.0)"
BraTS-GLI-02520-104,"(182, 218, 182)","(1.0, 1.0, 1.0)"
BraTS-GLI-02531-100,"(182, 218, 182)","(1.0, 1.0, 1.0)"
BraTS-GLI-02536-100,"(182, 218, 182)","(1.0, 1.0, 1.0)"
BraTS-GLI-02536-101,"(182, 218, 182)","(1.0, 1.0, 1.0)"
BraTS-GLI-02536-102,"(182, 218, 182)","(1.0, 1.0, 1.0)"
BraTS-GLI-02539-100,"(182, 218, 182)","(1.0, 1.0, 1.0)"
BraTS-GLI-02539-101,"(182, 218, 182)","(1.0, 1.0, 1.0)"
BraTS-GLI-02539-102,"(182, 218, 182)","(1.0, 1.0, 1.0)"
BraTS-GLI-02541-100,"(182, 218, 182)","(1.0, 1.0, 1.0)"
BraTS-GLI-02542-100,"(182, 218, 182)","(1.0, 1.0, 1.0)"
BraTS-GLI-02542-101,"(182, 218, 182)","(1.0, 1.0, 1.0)"
BraTS-GLI-02543-100,"(182, 218, 182)","(1.0, 1.0, 1.0)"
BraTS-GLI-02549-100,"(182, 218, 182)","(1.0, 1.0, 1.0)"
BraTS-GLI-02549-101,"(182, 218, 182)","(1.0, 1.0, 1.0)"
BraTS-GLI-02549-102,"(182, 218, 182)","(1.0, 1.0, 1.0)"
BraTS-GLI-02553-100,"(182, 218, 182)","(1.0, 1.0, 1.0)"
BraTS-GLI-02553-101,"(182, 218, 182)","(1.0, 1.0, 1.0)"
BraTS-GLI-02563-100,"(182, 218, 182)","(1.0, 1.0, 1.0)"
BraTS-GLI-02564-100,"(182, 218, 182)","(1.0, 1.0, 1.0)"
BraTS-GLI-02564-101,"(182, 218, 182)","(1.0, 1.0, 1.0)"
BraTS-GLI-02564-102,"(182, 218, 182)","(1.0, 1.0, 1.0)"
BraTS-GLI-02565-100,"(182, 218, 182)","(1.0, 1.0, 1.0)"
BraTS-GLI-02565-101,"(182, 218, 182)","(1.0, 1.0, 1.0)"
BraTS-GLI-02565-102,"(182, 218, 182)","(1.0, 1.0, 1.0)"
BraTS-GLI-02565-103,"(182, 218, 182)","(1.0, 1.0, 1.0)"
BraTS-GLI-02565-104,"(182, 218, 182)","(1.0, 1.0, 1.0)"
BraTS-GLI-02565-105,"(182, 218, 182)","(1.0, 1.0, 1.0)"
BraTS-GLI-02566-100,"(182, 218, 182)","(1.0, 1.0, 1.0)"
BraTS-GLI-02569-100,"(182, 218, 182)","(1.0, 1.0, 1.0)"
BraTS-GLI-02570-100,"(182, 218, 182)","(1.0, 1.0, 1.0)"
BraTS-GLI-02570-101,"(182, 218, 182)","(1.0, 1.0, 1.0)"
BraTS-GLI-02570-102,"(182, 218, 182)","(1.0, 1.0, 1.0)"
BraTS-GLI-02570-103,"(182, 218, 182)","(1.0, 1.0, 1.0)"
BraTS-GLI-02570-104,"(182, 218, 182)","(1.0, 1.0, 1.0)"
BraTS-GLI-02570-105,"(182, 218, 182)","(1.0, 1.0, 1.0)"
BraTS-GLI-02574-100,"(182, 218, 182)","(1.0, 1.0, 1.0)"
BraTS-GLI-02574-101,"(182, 218, 182)","(1.0, 1.0, 1.0)"
BraTS-GLI-02574-102,"(182, 218, 182)","(1.0, 1.0, 1.0)"
BraTS-GLI-02574-103,"(182, 218, 182)","(1.0, 1.0, 1.0)"
BraTS-GLI-02576-100,"(182, 218, 182)","(1.0, 1.0, 1.0)"
BraTS-GLI-02576-101,"(182, 218, 182)","(1.0, 1.0, 1.0)"
BraTS-GLI-02576-102,"(182, 218, 182)","(1.0, 1.0, 1.0)"
BraTS-GLI-02578-100,"(182, 218, 182)","(1.0, 1.0, 1.0)"
BraTS-GLI-02580-100,"(182, 218, 182)","(1.0, 1.0, 1.0)"
BraTS-GLI-02581-101,"(182, 218, 182)","(1.0, 1.0, 1.0)"
BraTS-GLI-02584-100,"(182, 218, 182)","(1.0, 1.0, 1.0)"
BraTS-GLI-02584-101,"(182, 218, 182)","(1.0, 1.0, 1.0)"
BraTS-GLI-02584-102,"(182, 218, 182)","(1.0, 1.0, 1.0)"
BraTS-GLI-02591-101,"(182, 218, 182)","(1.0, 1.0, 1.0)"
BraTS-GLI-02591-102,"(182, 218, 182)","(1.0, 1.0, 1.0)"
BraTS-GLI-02591-103,"(182, 218, 182)","(1.0, 1.0, 1.0)"
BraTS-GLI-02596-100,"(182, 218, 182)","(1.0, 1.0, 1.0)"
BraTS-GLI-02596-101,"(182, 218, 182)","(1.0, 1.0, 1.0)"
BraTS-GLI-02596-102,"(182, 218, 182)","(1.0, 1.0, 1.0)"
BraTS-GLI-02599-100,"(182, 218, 182)","(1.0, 1.0, 1.0)"
BraTS-GLI-02602-100,"(182, 218, 182)","(1.0, 1.0, 1.0)"
BraTS-GLI-02615-100,"(182, 218, 182)","(1.0, 1.0, 1.0)"
BraTS-GLI-02618-100,"(182, 218, 182)","(1.0, 1.0, 1.0)"
BraTS-GLI-02618-101,"(182, 218, 182)","(1.0, 1.0, 1.0)"
BraTS-GLI-02618-102,"(182, 218, 182)","(1.0, 1.0, 1.0)"
BraTS-GLI-02621-100,"(182, 218, 182)","(1.0, 1.0, 1.0)"
BraTS-GLI-02621-101,"(182, 218, 182)","(1.0, 1.0, 1.0)"
BraTS-GLI-02621-102,"(182, 218, 182)","(1.0, 1.0, 1.0)"
BraTS-GLI-02624-100,"(182, 218, 182)","(1.0, 1.0, 1.0)"
BraTS-GLI-02631-100,"(182, 218, 182)","(1.0, 1.0, 1.0)"
BraTS-GLI-02631-101,"(182, 218, 182)","(1.0, 1.0, 1.0)"
BraTS-GLI-02632-100,"(182, 218, 182)","(1.0, 1.0, 1.0)"
BraTS-GLI-02632-101,"(182, 218, 182)","(1.0, 1.0, 1.0)"
BraTS-GLI-02632-102,"(182, 218, 182)","(1.0, 1.0, 1.0)"
BraTS-GLI-02632-103,"(182, 218, 182)","(1.0, 1.0, 1.0)"
BraTS-GLI-02632-104,"(182, 218, 182)","(1.0, 1.0, 1.0)"
BraTS-GLI-02633-100,"(182, 218, 182)","(1.0, 1.0, 1.0)"
BraTS-GLI-02635-100,"(182, 218, 182)","(1.0, 1.0, 1.0)"
BraTS-GLI-02635-101,"(182, 218, 182)","(1.0, 1.0, 1.0)"
BraTS-GLI-02637-100,"(182, 218, 182)","(1.0, 1.0, 1.0)"
BraTS-GLI-02637-101,"(182, 218, 182)","(1.0, 1.0, 1.0)"
BraTS-GLI-02639-100,"(182, 218, 182)","(1.0, 1.0, 1.0)"
BraTS-GLI-02639-101,"(182, 218, 182)","(1.0, 1.0, 1.0)"
BraTS-GLI-02641-100,"(182, 218, 182)","(1.0, 1.0, 1.0)"
BraTS-GLI-02641-101,"(182, 218, 182)","(1.0, 1.0, 1.0)"
BraTS-GLI-02641-102,"(182, 218, 182)","(1.0, 1.0, 1.0)"
BraTS-GLI-02642-100,"(182, 218, 182)","(1.0, 1.0, 1.0)"
BraTS-GLI-02642-101,"(182, 218, 182)","(1.0, 1.0, 1.0)"
BraTS-GLI-02642-102,"(182, 218, 182)","(1.0, 1.0, 1.0)"
BraTS-GLI-02646-100,"(182, 218, 182)","(1.0, 1.0, 1.0)"
BraTS-GLI-02646-101,"(182, 218, 182)","(1.0, 1.0, 1.0)"
BraTS-GLI-02646-102,"(182, 218, 182)","(1.0, 1.0, 1.0)"
BraTS-GLI-02647-100,"(182, 218, 182)","(1.0, 1.0, 1.0)"
BraTS-GLI-02648-100,"(182, 218, 182)","(1.0, 1.0, 1.0)"
BraTS-GLI-02650-100,"(182, 218, 182)","(1.0, 1.0, 1.0)"
BraTS-GLI-02653-100,"(182, 218, 182)","(1.0, 1.0, 1.0)"
BraTS-GLI-02656-100,"(182, 218, 182)","(1.0, 1.0, 1.0)"
BraTS-GLI-02657-100,"(182, 218, 182)","(1.0, 1.0, 1.0)"
BraTS-GLI-02658-100,"(182, 218, 182)","(1.0, 1.0, 1.0)"
BraTS-GLI-02659-100,"(182, 218, 182)","(1.0, 1.0, 1.0)"
BraTS-GLI-02660-100,"(182, 218, 182)","(1.0, 1.0, 1.0)"
BraTS-GLI-02662-100,"(182, 218, 182)","(1.0, 1.0, 1.0)"
BraTS-GLI-02663-100,"(182, 218, 182)","(1.0, 1.0, 1.0)"
BraTS-GLI-02664-100,"(182, 218, 182)","(1.0, 1.0, 1.0)"
BraTS-GLI-02675-100,"(182, 218, 182)","(1.0, 1.0, 1.0)"
BraTS-GLI-02685-100,"(182, 218, 182)","(1.0, 1.0, 1.0)"
BraTS-GLI-02693-100,"(182, 218, 182)","(1.0, 1.0, 1.0)"
BraTS-GLI-02694-100,"(182, 218, 182)","(1.0, 1.0, 1.0)"
BraTS-GLI-02699-100,"(182, 218, 182)","(1.0, 1.0, 1.0)"
BraTS-GLI-02708-100,"(182, 218, 182)","(1.0, 1.0, 1.0)"
BraTS-GLI-02709-100,"(182, 218, 182)","(1.0, 1.0, 1.0)"
BraTS-GLI-02717-100,"(182, 218, 182)","(1.0, 1.0, 1.0)"
BraTS-GLI-02718-100,"(182, 218, 182)","(1.0, 1.0, 1.0)"
BraTS-GLI-02724-100,"(182, 218, 182)","(1.0, 1.0, 1.0)"
BraTS-GLI-02725-100,"(182, 218, 182)","(1.0, 1.0, 1.0)"
BraTS-GLI-02726-100,"(182, 218, 182)","(1.0, 1.0, 1.0)"
BraTS-GLI-02736-100,"(182, 218, 182)","(1.0, 1.0, 1.0)"
BraTS-GLI-02736-101,"(182, 218, 182)","(1.0, 1.0, 1.0)"
BraTS-GLI-02739-100,"(182, 218, 182)","(1.0, 1.0, 1.0)"
BraTS-GLI-02739-101,"(182, 218, 182)","(1.0, 1.0, 1.0)"
BraTS-GLI-02740-100,"(182, 218, 182)","(1.0, 1.0, 1.0)"
BraTS-GLI-02740-101,"(182, 218, 182)","(1.0, 1.0, 1.0)"
BraTS-GLI-02742-100,"(182, 218, 182)","(1.0, 1.0, 1.0)"
BraTS-GLI-02742-101,"(182, 218, 182)","(1.0, 1.0, 1.0)"
BraTS-GLI-02743-100,"(182, 218, 182)","(1.0, 1.0, 1.0)"
BraTS-GLI-02743-101,"(182, 218, 182)","(1.0, 1.0, 1.0)"
BraTS-GLI-02744-100,"(182, 218, 182)","(1.0, 1.0, 1.0)"
BraTS-GLI-02744-101,"(182, 218, 182)","(1.0, 1.0, 1.0)"
BraTS-GLI-02745-100,"(182, 218, 182)","(1.0, 1.0, 1.0)"
BraTS-GLI-02745-101,"(182, 218, 182)","(1.0, 1.0, 1.0)"
BraTS-GLI-02747-100,"(182, 218, 182)","(1.0, 1.0, 1.0)"
BraTS-GLI-02747-101,"(182, 218, 182)","(1.0, 1.0, 1.0)"
BraTS-GLI-02748-100,"(182, 218, 182)","(1.0, 1.0, 1.0)"
BraTS-GLI-02748-101,"(182, 218, 182)","(1.0, 1.0, 1.0)"
BraTS-GLI-02750-100,"(182, 218, 182)","(1.0, 1.0, 1.0)"
BraTS-GLI-02750-101,"(182, 218, 182)","(1.0, 1.0, 1.0)"
BraTS-GLI-02751-100,"(182, 218, 182)","(1.0, 1.0, 1.0)"
BraTS-GLI-02751-101,"(182, 218, 182)","(1.0, 1.0, 1.0)"
BraTS-GLI-02755-100,"(182, 218, 182)","(1.0, 1.0, 1.0)"
BraTS-GLI-02755-101,"(182, 218, 182)","(1.0, 1.0, 1.0)"
BraTS-GLI-02757-100,"(182, 218, 182)","(1.0, 1.0, 1.0)"
BraTS-GLI-02757-101,"(182, 218, 182)","(1.0, 1.0, 1.0)"
BraTS-GLI-02758-100,"(182, 218, 182)","(1.0, 1.0, 1.0)"
BraTS-GLI-02758-101,"(182, 218, 182)","(1.0, 1.0, 1.0)"
BraTS-GLI-02759-100,"(182, 218, 182)","(1.0, 1.0, 1.0)"
BraTS-GLI-02759-101,"(182, 218, 182)","(1.0, 1.0, 1.0)"
BraTS-GLI-02765-100,"(182, 218, 182)","(1.0, 1.0, 1.0)"
BraTS-GLI-02765-101,"(182, 218, 182)","(1.0, 1.0, 1.0)"
BraTS-GLI-02766-100,"(182, 218, 182)","(1.0, 1.0, 1.0)"
BraTS-GLI-02766-101,"(182, 218, 182)","(1.0, 1.0, 1.0)"
BraTS-GLI-02768-100,"(182, 218, 182)","(1.0, 1.0, 1.0)"
BraTS-GLI-02768-101,"(182, 218, 182)","(1.0, 1.0, 1.0)"
BraTS-GLI-02773-100,"(182, 218, 182)","(1.0, 1.0, 1.0)"
BraTS-GLI-02773-101,"(182, 218, 182)","(1.0, 1.0, 1.0)"
BraTS-GLI-02774-100,"(182, 218, 182)","(1.0, 1.0, 1.0)"
BraTS-GLI-02774-101,"(182, 218, 182)","(1.0, 1.0, 1.0)"
BraTS-GLI-02775-100,"(182, 218, 182)","(1.0, 1.0, 1.0)"
BraTS-GLI-02775-101,"(182, 218, 182)","(1.0, 1.0, 1.0)"
BraTS-GLI-02777-100,"(182, 218, 182)","(1.0, 1.0, 1.0)"
BraTS-GLI-02777-101,"(182, 218, 182)","(1.0, 1.0, 1.0)"
BraTS-GLI-02781-100,"(182, 218, 182)","(1.0, 1.0, 1.0)"
BraTS-GLI-02781-101,"(182, 218, 182)","(1.0, 1.0, 1.0)"
BraTS-GLI-02788-100,"(182, 218, 182)","(1.0, 1.0, 1.0)"
BraTS-GLI-02788-101,"(182, 218, 182)","(1.0, 1.0, 1.0)"
BraTS-GLI-02792-100,"(182, 218, 182)","(1.0, 1.0, 1.0)"
BraTS-GLI-02792-101,"(182, 218, 182)","(1.0, 1.0, 1.0)"
BraTS-GLI-02797-100,"(182, 218, 182)","(1.0, 1.0, 1.0)"
BraTS-GLI-02797-101,"(182, 218, 182)","(1.0, 1.0, 1.0)"
BraTS-GLI-02798-100,"(182, 218, 182)","(1.0, 1.0, 1.0)"
BraTS-GLI-02798-101,"(182, 218, 182)","(1.0, 1.0, 1.0)"
BraTS-GLI-02800-100,"(182, 218, 182)","(1.0, 1.0, 1.0)"
BraTS-GLI-02800-101,"(182, 218, 182)","(1.0, 1.0, 1.0)"
BraTS-GLI-02802-100,"(182, 218, 182)","(1.0, 1.0, 1.0)"
BraTS-GLI-02802-101,"(182, 218, 182)","(1.0, 1.0, 1.0)"
BraTS-GLI-02803-100,"(182, 218, 182)","(1.0, 1.0, 1.0)"
BraTS-GLI-02803-101,"(182, 218, 182)","(1.0, 1.0, 1.0)"
BraTS-GLI-02813-100,"(182, 218, 182)","(1.0, 1.0, 1.0)"
BraTS-GLI-02813-101,"(182, 218, 182)","(1.0, 1.0, 1.0)"
BraTS-GLI-02818-100,"(182, 218, 182)","(1.0, 1.0, 1.0)"
BraTS-GLI-02818-101,"(182, 218, 182)","(1.0, 1.0, 1.0)"
BraTS-GLI-02819-100,"(182, 218, 182)","(1.0, 1.0, 1.0)"
BraTS-GLI-02819-101,"(182, 218, 182)","(1.0, 1.0, 1.0)"
BraTS-GLI-02820-100,"(182, 218, 182)","(1.0, 1.0, 1.0)"
BraTS-GLI-02820-101,"(182, 218, 182)","(1.0, 1.0, 1.0)"
BraTS-GLI-02824-100,"(182, 218, 182)","(1.0, 1.0, 1.0)"
BraTS-GLI-02824-101,"(182, 218, 182)","(1.0, 1.0, 1.0)"
BraTS-GLI-02826-100,"(182, 218, 182)","(1.0, 1.0, 1.0)"
BraTS-GLI-02826-101,"(182, 218, 182)","(1.0, 1.0, 1.0)"
BraTS-GLI-02828-100,"(182, 218, 182)","(1.0, 1.0, 1.0)"
BraTS-GLI-02828-101,"(182, 218, 182)","(1.0, 1.0, 1.0)"
BraTS-GLI-02830-100,"(182, 218, 182)","(1.0, 1.0, 1.0)"
BraTS-GLI-02830-101,"(182, 218, 182)","(1.0, 1.0, 1.0)"
BraTS-GLI-02831-100,"(182, 218, 182)","(1.0, 1.0, 1.0)"
BraTS-GLI-02831-101,"(182, 218, 182)","(1.0, 1.0, 1.0)"
BraTS-GLI-02833-100,"(182, 218, 182)","(1.0, 1.0, 1.0)"
BraTS-GLI-02833-101,"(182, 218, 182)","(1.0, 1.0, 1.0)"
BraTS-GLI-02834-100,"(182, 218, 182)","(1.0, 1.0, 1.0)"
BraTS-GLI-02834-101,"(182, 218, 182)","(1.0, 1.0, 1.0)"
BraTS-GLI-02835-100,"(182, 218, 182)","(1.0, 1.0, 1.0)"
BraTS-GLI-02835-101,"(182, 218, 182)","(1.0, 1.0, 1.0)"
BraTS-GLI-02839-100,"(182, 218, 182)","(1.0, 1.0, 1.0)"
BraTS-GLI-02839-101,"(182, 218, 182)","(1.0, 1.0, 1.0)"
BraTS-GLI-02842-100,"(182, 218, 182)","(1.0, 1.0, 1.0)"
BraTS-GLI-02842-101,"(182, 218, 182)","(1.0, 1.0, 1.0)"
BraTS-GLI-02844-100,"(182, 218, 182)","(1.0, 1.0, 1.0)"
BraTS-GLI-02844-101,"(182, 218, 182)","(1.0, 1.0, 1.0)"
BraTS-GLI-02846-100,"(182, 218, 182)","(1.0, 1.0, 1.0)"
BraTS-GLI-02846-101,"(182, 218, 182)","(1.0, 1.0, 1.0)"
BraTS-GLI-02847-100,"(182, 218, 182)","(1.0, 1.0, 1.0)"
BraTS-GLI-02847-101,"(182, 218, 182)","(1.0, 1.0, 1.0)"
BraTS-GLI-02848-100,"(182, 218, 182)","(1.0, 1.0, 1.0)"
BraTS-GLI-02848-101,"(182, 218, 182)","(1.0, 1.0, 1.0)"
BraTS-GLI-02852-100,"(182, 218, 182)","(1.0, 1.0, 1.0)"
BraTS-GLI-02852-101,"(182, 218, 182)","(1.0, 1.0, 1.0)"
BraTS-GLI-02854-100,"(182, 218, 182)","(1.0, 1.0, 1.0)"
BraTS-GLI-02854-101,"(182, 218, 182)","(1.0, 1.0, 1.0)"
BraTS-GLI-02858-100,"(182, 218, 182)","(1.0, 1.0, 1.0)"
BraTS-GLI-02858-101,"(182, 218, 182)","(1.0, 1.0, 1.0)"
BraTS-GLI-02859-100,"(182, 218, 182)","(1.0, 1.0, 1.0)"
BraTS-GLI-02859-101,"(182, 218, 182)","(1.0, 1.0, 1.0)"
BraTS-GLI-02860-100,"(182, 218, 182)","(1.0, 1.0, 1.0)"
BraTS-GLI-02860-101,"(182, 218, 182)","(1.0, 1.0, 1.0)"
BraTS-GLI-02861-100,"(182, 218, 182)","(1.0, 1.0, 1.0)"
BraTS-GLI-02861-101,"(182, 218, 182)","(1.0, 1.0, 1.0)"
BraTS-GLI-02862-100,"(182, 218, 182)","(1.0, 1.0, 1.0)"
BraTS-GLI-02862-101,"(182, 218, 182)","(1.0, 1.0, 1.0)"
BraTS-GLI-02863-100,"(182, 218, 182)","(1.0, 1.0, 1.0)"
BraTS-GLI-02863-101,"(182, 218, 182)","(1.0, 1.0, 1.0)"
BraTS-GLI-02864-100,"(182, 218, 182)","(1.0, 1.0, 1.0)"
BraTS-GLI-02864-101,"(182, 218, 182)","(1.0, 1.0, 1.0)"
BraTS-GLI-02865-100,"(182, 218, 182)","(1.0, 1.0, 1.0)"
BraTS-GLI-02865-101,"(182, 218, 182)","(1.0, 1.0, 1.0)"
BraTS-GLI-02867-100,"(182, 218, 182)","(1.0, 1.0, 1.0)"
BraTS-GLI-02867-101,"(182, 218, 182)","(1.0, 1.0, 1.0)"
BraTS-GLI-02868-100,"(182, 218, 182)","(1.0, 1.0, 1.0)"
BraTS-GLI-02868-101,"(182, 218, 182)","(1.0, 1.0, 1.0)"
BraTS-GLI-02870-100,"(182, 218, 182)","(1.0, 1.0, 1.0)"
BraTS-GLI-02870-101,"(182, 218, 182)","(1.0, 1.0, 1.0)"
BraTS-GLI-02871-100,"(182, 218, 182)","(1.0, 1.0, 1.0)"
BraTS-GLI-02871-101,"(182, 218, 182)","(1.0, 1.0, 1.0)"
BraTS-GLI-02873-100,"(182, 218, 182)","(1.0, 1.0, 1.0)"
BraTS-GLI-02873-101,"(182, 218, 182)","(1.0, 1.0, 1.0)"
BraTS-GLI-02874-100,"(182, 218, 182)","(1.0, 1.0, 1.0)"
BraTS-GLI-02874-101,"(182, 218, 182)","(1.0, 1.0, 1.0)"
BraTS-GLI-02876-100,"(182, 218, 182)","(1.0, 1.0, 1.0)"
BraTS-GLI-02876-101,"(182, 218, 182)","(1.0, 1.0, 1.0)"
BraTS-GLI-02879-100,"(182, 218, 182)","(1.0, 1.0, 1.0)"
BraTS-GLI-02879-101,"(182, 218, 182)","(1.0, 1.0, 1.0)"
BraTS-GLI-02883-100,"(182, 218, 182)","(1.0, 1.0, 1.0)"
BraTS-GLI-02883-101,"(182, 218, 182)","(1.0, 1.0, 1.0)"
BraTS-GLI-02884-100,"(182, 218, 182)","(1.0, 1.0, 1.0)"
BraTS-GLI-02884-101,"(182, 218, 182)","(1.0, 1.0, 1.0)"
BraTS-GLI-02885-100,"(182, 218, 182)","(1.0, 1.0, 1.0)"
BraTS-GLI-02885-101,"(182, 218, 182)","(1.0, 1.0, 1.0)"
BraTS-GLI-02887-100,"(182, 218, 182)","(1.0, 1.0, 1.0)"
BraTS-GLI-02887-101,"(182, 218, 182)","(1.0, 1.0, 1.0)"
BraTS-GLI-02888-100,"(182, 218, 182)","(1.0, 1.0, 1.0)"
BraTS-GLI-02888-101,"(182, 218, 182)","(1.0, 1.0, 1.0)"
BraTS-GLI-02893-100,"(182, 218, 182)","(1.0, 1.0, 1.0)"
BraTS-GLI-02893-101,"(182, 218, 182)","(1.0, 1.0, 1.0)"
BraTS-GLI-02895-100,"(182, 218, 182)","(1.0, 1.0, 1.0)"
BraTS-GLI-02895-101,"(182, 218, 182)","(1.0, 1.0, 1.0)"
BraTS-GLI-02898-100,"(182, 218, 182)","(1.0, 1.0, 1.0)"
BraTS-GLI-02898-101,"(182, 218, 182)","(1.0, 1.0, 1.0)"
BraTS-GLI-02899-100,"(182, 218, 182)","(1.0, 1.0, 1.0)"
BraTS-GLI-02899-101,"(182, 218, 182)","(1.0, 1.0, 1.0)"
BraTS-GLI-02904-100,"(182, 218, 182)","(1.0, 1.0, 1.0)"
BraTS-GLI-02904-101,"(182, 218, 182)","(1.0, 1.0, 1.0)"
BraTS-GLI-02905-100,"(182, 218, 182)","(1.0, 1.0, 1.0)"
BraTS-GLI-02905-101,"(182, 218, 182)","(1.0, 1.0, 1.0)"
BraTS-GLI-02907-100,"(182, 218, 182)","(1.0, 1.0, 1.0)"
BraTS-GLI-02907-101,"(182, 218, 182)","(1.0, 1.0, 1.0)"
BraTS-GLI-02912-100,"(182, 218, 182)","(1.0, 1.0, 1.0)"
BraTS-GLI-02912-101,"(182, 218, 182)","(1.0, 1.0, 1.0)"
BraTS-GLI-02914-100,"(182, 218, 182)","(1.0, 1.0, 1.0)"
BraTS-GLI-02914-101,"(182, 218, 182)","(1.0, 1.0, 1.0)"
BraTS-GLI-02915-100,"(182, 218, 182)","(1.0, 1.0, 1.0)"
BraTS-GLI-02915-101,"(182, 218, 182)","(1.0, 1.0, 1.0)"
BraTS-GLI-02918-100,"(182, 218, 182)","(1.0, 1.0, 1.0)"
BraTS-GLI-02918-101,"(182, 218, 182)","(1.0, 1.0, 1.0)"
BraTS-GLI-02919-100,"(182, 218, 182)","(1.0, 1.0, 1.0)"
BraTS-GLI-02919-101,"(182, 218, 182)","(1.0, 1.0, 1.0)"
BraTS-GLI-02922-100,"(182, 218, 182)","(1.0, 1.0, 1.0)"
BraTS-GLI-02922-101,"(182, 218, 182)","(1.0, 1.0, 1.0)"
BraTS-GLI-02924-100,"(182, 218, 182)","(1.0, 1.0, 1.0)"
BraTS-GLI-02924-101,"(182, 218, 182)","(1.0, 1.0, 1.0)"
BraTS-GLI-02925-100,"(182, 218, 182)","(1.0, 1.0, 1.0)"
BraTS-GLI-02925-101,"(182, 218, 182)","(1.0, 1.0, 1.0)"
BraTS-GLI-02928-100,"(182, 218, 182)","(1.0, 1.0, 1.0)"
BraTS-GLI-02928-101,"(182, 218, 182)","(1.0, 1.0, 1.0)"
BraTS-GLI-02930-100,"(182, 218, 182)","(1.0, 1.0, 1.0)"
BraTS-GLI-02930-101,"(182, 218, 182)","(1.0, 1.0, 1.0)"
BraTS-GLI-02933-100,"(182, 218, 182)","(1.0, 1.0, 1.0)"
BraTS-GLI-02933-101,"(182, 218, 182)","(1.0, 1.0, 1.0)"
BraTS-GLI-02937-100,"(182, 218, 182)","(1.0, 1.0, 1.0)"
BraTS-GLI-02937-101,"(182, 218, 182)","(1.0, 1.0, 1.0)"
BraTS-GLI-02939-100,"(182, 218, 182)","(1.0, 1.0, 1.0)"
BraTS-GLI-02939-101,"(182, 218, 182)","(1.0, 1.0, 1.0)"
BraTS-GLI-02943-100,"(182, 218, 182)","(1.0, 1.0, 1.0)"
BraTS-GLI-02943-101,"(182, 218, 182)","(1.0, 1.0, 1.0)"
BraTS-GLI-02944-100,"(182, 218, 182)","(1.0, 1.0, 1.0)"
BraTS-GLI-02944-101,"(182, 218, 182)","(1.0, 1.0, 1.0)"
BraTS-GLI-02948-100,"(182, 218, 182)","(1.0, 1.0, 1.0)"
BraTS-GLI-02948-101,"(182, 218, 182)","(1.0, 1.0, 1.0)"
BraTS-GLI-02952-100,"(182, 218, 182)","(1.0, 1.0, 1.0)"
BraTS-GLI-02952-101,"(182, 218, 182)","(1.0, 1.0, 1.0)"
BraTS-GLI-02953-100,"(182, 218, 182)","(1.0, 1.0, 1.0)"
BraTS-GLI-02953-101,"(182, 218, 182)","(1.0, 1.0, 1.0)"
BraTS-GLI-02955-100,"(182, 218, 182)","(1.0, 1.0, 1.0)"
BraTS-GLI-02955-101,"(182, 218, 182)","(1.0, 1.0, 1.0)"
BraTS-GLI-02959-100,"(182, 218, 182)","(1.0, 1.0, 1.0)"
BraTS-GLI-02959-101,"(182, 218, 182)","(1.0, 1.0, 1.0)"
BraTS-GLI-02960-100,"(182, 218, 182)","(1.0, 1.0, 1.0)"
BraTS-GLI-02960-101,"(182, 218, 182)","(1.0, 1.0, 1.0)"
BraTS-GLI-02961-100,"(182, 218, 182)","(1.0, 1.0, 1.0)"
BraTS-GLI-02961-101,"(182, 218, 182)","(1.0, 1.0, 1.0)"
BraTS-GLI-02967-100,"(182, 218, 182)","(1.0, 1.0, 1.0)"
BraTS-GLI-02967-101,"(182, 218, 182)","(1.0, 1.0, 1.0)"
BraTS-GLI-02970-100,"(182, 218, 182)","(1.0, 1.0, 1.0)"
BraTS-GLI-02970-101,"(182, 218, 182)","(1.0, 1.0, 1.0)"
BraTS-GLI-02972-100,"(182, 218, 182)","(1.0, 1.0, 1.0)"
BraTS-GLI-02972-101,"(182, 218, 182)","(1.0, 1.0, 1.0)"
BraTS-GLI-02977-100,"(182, 218, 182)","(1.0, 1.0, 1.0)"
BraTS-GLI-02977-101,"(182, 218, 182)","(1.0, 1.0, 1.0)"
BraTS-GLI-02978-100,"(182, 218, 182)","(1.0, 1.0, 1.0)"
BraTS-GLI-02978-101,"(182, 218, 182)","(1.0, 1.0, 1.0)"
BraTS-GLI-02981-100,"(182, 218, 182)","(1.0, 1.0, 1.0)"
BraTS-GLI-02981-101,"(182, 218, 182)","(1.0, 1.0, 1.0)"
BraTS-GLI-02982-100,"(182, 218, 182)","(1.0, 1.0, 1.0)"
BraTS-GLI-02982-101,"(182, 218, 182)","(1.0, 1.0, 1.0)"
BraTS-GLI-02984-100,"(182, 218, 182)","(1.0, 1.0, 1.0)"
BraTS-GLI-02984-101,"(182, 218, 182)","(1.0, 1.0, 1.0)"
BraTS-GLI-02987-100,"(182, 218, 182)","(1.0, 1.0, 1.0)"
BraTS-GLI-02987-101,"(182, 218, 182)","(1.0, 1.0, 1.0)"
BraTS-GLI-02988-100,"(182, 218, 182)","(1.0, 1.0, 1.0)"
BraTS-GLI-02988-101,"(182, 218, 182)","(1.0, 1.0, 1.0)"
BraTS-GLI-02989-100,"(182, 218, 182)","(1.0, 1.0, 1.0)"
BraTS-GLI-02989-101,"(182, 218, 182)","(1.0, 1.0, 1.0)"
BraTS-GLI-02992-100,"(182, 218, 182)","(1.0, 1.0, 1.0)"
BraTS-GLI-02992-101,"(182, 218, 182)","(1.0, 1.0, 1.0)"
BraTS-GLI-02993-100,"(182, 218, 182)","(1.0, 1.0, 1.0)"
BraTS-GLI-02993-101,"(182, 218, 182)","(1.0, 1.0, 1.0)"
BraTS-GLI-02996-100,"(182, 218, 182)","(1.0, 1.0, 1.0)"
BraTS-GLI-02996-101,"(182, 218, 182)","(1.0, 1.0, 1.0)"
BraTS-GLI-03000-100,"(182, 218, 182)","(1.0, 1.0, 1.0)"
BraTS-GLI-03000-101,"(182, 218, 182)","(1.0, 1.0, 1.0)"
BraTS-GLI-03001-100,"(182, 218, 182)","(1.0, 1.0, 1.0)"
BraTS-GLI-03001-101,"(182, 218, 182)","(1.0, 1.0, 1.0)"
BraTS-GLI-03005-100,"(182, 218, 182)","(1.0, 1.0, 1.0)"
BraTS-GLI-03005-101,"(182, 218, 182)","(1.0, 1.0, 1.0)"
BraTS-GLI-03006-100,"(182, 218, 182)","(1.0, 1.0, 1.0)"
BraTS-GLI-03006-101,"(182, 218, 182)","(1.0, 1.0, 1.0)"
BraTS-GLI-03007-100,"(182, 218, 182)","(1.0, 1.0, 1.0)"
BraTS-GLI-03007-101,"(182, 218, 182)","(1.0, 1.0, 1.0)"
BraTS-GLI-03009-100,"(182, 218, 182)","(1.0, 1.0, 1.0)"
BraTS-GLI-03009-101,"(182, 218, 182)","(1.0, 1.0, 1.0)"
BraTS-GLI-03015-100,"(182, 218, 182)","(1.0, 1.0, 1.0)"
BraTS-GLI-03015-101,"(182, 218, 182)","(1.0, 1.0, 1.0)"
BraTS-GLI-03018-100,"(182, 218, 182)","(1.0, 1.0, 1.0)"
BraTS-GLI-03018-101,"(182, 218, 182)","(1.0, 1.0, 1.0)"
BraTS-GLI-03019-100,"(182, 218, 182)","(1.0, 1.0, 1.0)"
BraTS-GLI-03019-101,"(182, 218, 182)","(1.0, 1.0, 1.0)"
BraTS-GLI-03023-100,"(182, 218, 182)","(1.0, 1.0, 1.0)"
BraTS-GLI-03023-101,"(182, 218, 182)","(1.0, 1.0, 1.0)"
BraTS-GLI-03024-100,"(182, 218, 182)","(1.0, 1.0, 1.0)"
BraTS-GLI-03024-101,"(182, 218, 182)","(1.0, 1.0, 1.0)"
BraTS-GLI-03025-100,"(182, 218, 182)","(1.0, 1.0, 1.0)"
BraTS-GLI-03025-101,"(182, 218, 182)","(1.0, 1.0, 1.0)"
BraTS-GLI-03027-100,"(182, 218, 182)","(1.0, 1.0, 1.0)"
BraTS-GLI-03027-101,"(182, 218, 182)","(1.0, 1.0, 1.0)"
BraTS-GLI-03028-100,"(182, 218, 182)","(1.0, 1.0, 1.0)"
BraTS-GLI-03028-101,"(182, 218, 182)","(1.0, 1.0, 1.0)"
BraTS-GLI-03029-100,"(182, 218, 182)","(1.0, 1.0, 1.0)"
BraTS-GLI-03029-101,"(182, 218, 182)","(1.0, 1.0, 1.0)"
BraTS-GLI-03031-100,"(182, 218, 182)","(1.0, 1.0, 1.0)"
BraTS-GLI-03031-101,"(182, 218, 182)","(1.0, 1.0, 1.0)"
BraTS-GLI-03032-100,"(182, 218, 182)","(1.0, 1.0, 1.0)"
BraTS-GLI-03032-101,"(182, 218, 182)","(1.0, 1.0, 1.0)"
BraTS-GLI-03049-100,"(182, 218, 182)","(1.0, 1.0, 1.0)"
BraTS-GLI-03049-101,"(182, 218, 182)","(1.0, 1.0, 1.0)"
BraTS-GLI-03051-100,"(182, 218, 182)","(1.0, 1.0, 1.0)"
BraTS-GLI-03051-101,"(182, 218, 182)","(1.0, 1.0, 1.0)"
BraTS-GLI-03051-102,"(182, 218, 182)","(1.0, 1.0, 1.0)"
BraTS-GLI-03056-100,"(182, 218, 182)","(1.0, 1.0, 1.0)"
BraTS-GLI-03056-101,"(182, 218, 182)","(1.0, 1.0, 1.0)"
BraTS-GLI-03060-100,"(182, 218, 182)","(1.0, 1.0, 1.0)"
BraTS-GLI-03060-101,"(182, 218, 182)","(1.0, 1.0, 1.0)"
BraTS-GLI-03060-102,"(182, 218, 182)","(1.0, 1.0, 1.0)"
BraTS-GLI-03061-100,"(182, 218, 182)","(1.0, 1.0, 1.0)"
BraTS-GLI-03061-101,"(182, 218, 182)","(1.0, 1.0, 1.0)"
BraTS-GLI-03061-102,"(182, 218, 182)","(1.0, 1.0, 1.0)"
