quartile,voxel_range,n_lesions,recall,rule
Q1,51-558,312,0.6185897435897436,no filtering
Q2,558-5405,310,0.9258064516129032,no filtering
Q3,5405-26157,311,0.9903536977491961,no filtering
Q4,26157-321448,314,1.0,no filtering
Q1,51-558,312,0.035256410256410256,volume >= 1600
Q2,558-5405,310,0.5032258064516129,volume >= 1600
Q3,5405-26157,311,0.977491961414791,volume >= 1600
Q4,26157-321448,314,1.0,volume >= 1600
Q1,51-558,312,0.2724358974358974,gate tau=0.6
Q2,558-5405,310,0.7419354838709677,gate tau=0.6
Q3,5405-26157,311,0.9614147909967846,gate tau=0.6
Q4,26157-321448,314,0.9968152866242038,gate tau=0.6
